Micah,Leshem,sfsd@gmail.com,fsdf,TRUE
dsf,sdf,dfd@gnhg.co,some_password,FALSE
fd,dsf,hhj@d,some_password,FALSE
hvj,hfhg,dfjhg@hgj,some_password,FALSE
df,df,yaf@gmail.com,some_password,FALSE
df,adsa,dssd@gdgd,some_password,FALSE
fsdf,fsdfsdf,3423432@fdsdf.com,some_password,FALSE
fsdfds,fsdfds,32@fdsdf.com,some_password,FALSE
dsadsa,dasdadasd,sdf@gfdgfdgfdg,some_password,FALSE
fdsfds,fsdfds,asfagsd@dggfdf,some_password,FALSE
fsdfds,sdfsdfds,asgsfds@mg,some_password,FALSE
ada,ew,eqwew@fsdfs,some_password,FALSE
asd,sdsafas,e@g,some_password,FALSE
qewq,qwe,qwe@g,some_password,FALSE
asd,dasd,ewrewr@ds,some_password,FALSE
23ds,43,hhj@d3,some_password,FALSE
fds,sfdsfd,hhj@d34,some_password,FALSE
32,fdf,dffd@gfdgd,,FALSE
fsdf,fdsfs,hgf@gfhf,some_password,FALSE
re,rer,343fdsf@gdfg,gdfgfd,FALSE
Android,Tablet,android@maabada,kldrvbd17FkjF3A,FALSE
